Sensor_A,Sensor_B,Humidity,Pressure,time,True_Temperature
38.38578081852365,38.36414095297534,81,998,14,38.23112437265326
34.13330367795936,33.12166931210063,28,1021,22,33.86402091877182
37.07727196514378,36.60366658782712,29,996,3,36.599807659146656
34.22352287683096,34.556306819672834,30,1026,1,34.28532583687618
37.09849414068068,36.51757717910329,43,1015,8,37.41108464473062
21.50853387070999,22.131872052828008,30,985,2,21.935435379624973
21.773312233767427,22.515524598340825,81,985,6,22.055260357986224
19.421396838555367,19.558166185705424,87,994,10,19.52396207358515
31.61251167234209,32.06732262961702,66,1013,3,32.10244598370334
16.246775152895687,16.849851044557624,83,1004,8,16.72578727552455
38.82440885952853,38.66129898909853,64,1005,10,38.71683740490522
36.22750279020832,36.90690904860464,68,1014,6,36.47221799413457
30.822158303218213,30.272581151297274,71,1013,10,30.54777069274995
33.277980002035,33.1717022052905,34,998,17,33.75289951379784
22.063099622431128,23.21175613344495,48,1008,15,22.51701268436986
33.192030674725494,34.34904856530738,55,1008,10,33.389223711070066
36.25380390884506,36.705717064709845,72,1026,19,35.9082431823983
24.884977385420502,23.567004566256358,45,1029,0,24.428568212812444
38.14831878681514,37.53178920639735,54,984,15,38.33792638557636
31.230430674894027,31.69512367927331,43,980,2,31.2018343065507
17.169805519248943,16.77434092053679,26,1011,20,16.78231240437246
35.591548852423614,35.48540034907485,51,1006,19,35.3364646297546
28.15944774161863,27.83091516053891,50,1002,0,28.493429434604078
37.71654370738273,38.491332214495515,49,982,21,38.127395865058375
29.439024917996665,30.45161956306067,41,996,1,29.605658949355487
21.4675627040762,22.285538661422763,62,984,6,21.895357580166436
34.80142623536198,34.122421916291415,46,1022,6,34.99956753007932
15.866366652216985,15.356352783229697,44,1027,23,15.935450681592387
33.9380916189297,35.064235879010795,76,1009,23,34.338528047828326
24.13523896629448,25.3509078910425,77,995,13,24.410728219179234
29.23910347606816,29.058988926697143,36,1026,8,29.669226053708385
27.148484594664406,27.110181686737455,20,997,20,27.02248816094016
26.08069416867967,25.585329095433828,49,983,0,26.025433724345238
35.41906841560504,35.21980314073392,80,996,14,34.94047533001516
30.433930149321846,29.776608896211922,48,1013,8,29.97100425277963
23.834106796712106,23.91000279061137,36,984,18,23.5092413752849
37.05632990287012,36.82174717158354,57,1020,2,37.205972025137825
27.585863483117876,28.58518827767095,79,1021,11,27.68879162832576
34.25683546808847,25.177638403903277,73,1029,23,25.23094593812637
23.821848396899043,24.317330111717286,58,1026,3,23.34786814461877
28.740061677550784,28.738747474662503,72,991,6,28.62345829808326
23.439043896027954,24.100588661851017,33,1014,22,23.66552490069235
24.958910663191883,24.23418474158501,23,1011,11,24.731687659706388
26.834555618103245,27.55308017499523,88,1022,20,27.014275067028176
37.91366745038867,37.59326407247723,74,1028,3,37.6800187600774
30.337199087628584,29.98829089525454,60,1003,21,30.316924172665622
29.248488943584068,28.19377541320305,51,1011,13,29.044580797364766
29.083989945257706,29.016833282903605,39,1020,12,28.991659870510897
23.44624841402262,24.49639368166059,41,990,9,23.9342137178268
24.52708303279289,24.919373538159537,38,1022,13,24.070132723127625
23.68930219824576,22.466674740726123,42,990,16,23.248025512782622
14.546452303298734,14.2563002377916,47,980,8,14.60248176000759
18.419316125634786,18.016328639901435,80,1021,15,18.181915245065497
29.94476517372096,30.91445814478614,59,1009,17,30.03336321376969
23.78513282356744,23.366642484605972,35,1009,3,24.194697159570474
34.78897326518215,25.199949235544196,86,1027,15,25.273010515124525
32.024432238038855,31.96887814112253,78,1001,2,31.96925604933593
22.56812759374117,22.220488279488137,64,985,19,22.867702815361415
36.73303309090603,37.61602978006795,87,982,16,36.71643399961737
23.16995281431244,23.025651586394154,77,1022,13,22.83933837447199
30.328900287410175,31.01983397257772,70,985,1,30.11067048970587
20.27221396994841,19.97617346283134,42,1022,4,20.100182837058778
36.265568499402185,35.57247399727799,21,1024,5,35.96523939781555
30.339592411293413,31.248429806824756,41,1019,14,30.479283970861133
19.21257915601412,19.992949196965107,34,998,22,19.255921230840286
28.355132458701096,28.606241235515384,41,1029,1,28.662845448516457
21.488221986198475,21.53134041347422,61,1013,9,21.632157873485454
29.270306396171527,29.206733266213195,72,1025,12,29.259867466059138
15.296347654210285,14.542102768173505,46,1010,18,15.337846981971962
30.577908064599896,30.4615490945746,20,1027,4,30.891661928375992
27.150411600166127,28.52167968719302,87,985,2,27.64354797321876
33.25642045926753,33.815901197682656,20,1016,23,32.99822381449189
29.830455484939584,31.020349515099294,22,1007,8,30.27914484556975
20.72898225763205,20.569052109847025,63,1020,20,20.40203620167529
36.97555141848269,37.675218239205975,82,1017,0,37.35396116303684
17.601610235162063,17.28485773936997,90,1025,7,17.76024154003171
29.30482772861406,30.40296783759003,65,1001,8,29.72026186250308
29.902167009123634,30.458925374799755,85,991,14,30.376227301609244
25.781055206013974,25.938574340157075,24,1018,23,25.37928805250049
16.91828548415529,18.379371803648628,28,994,16,17.394958165212653
13.692615832776513,13.902636974953296,67,989,23,13.309741877632117
31.135230896252363,31.984560508592143,90,1009,12,31.091286247844113
37.11219343942388,36.24920620051487,82,1021,11,36.764650569988646
35.43829713447625,35.68419364519656,69,982,10,35.70914041278248
19.981627947272067,20.12312183755703,38,1018,21,19.829433477580665
27.715834913575474,27.00471002484761,61,984,6,27.42411793706742
29.607359734415173,29.570610452488545,89,1025,15,29.682848069738824
29.842062021948383,30.405451984242198,78,998,13,30.216801111884184
31.052457784380206,31.444935279832674,50,1002,0,30.756847391334677
41.1133480290078,40.875600014778655,66,983,15,40.713780447655786
34.4160970512201,35.16759825540975,83,1021,22,34.71499585862807
34.42632232162716,33.51341801411393,66,1006,4,34.061864637304446
26.01695966809503,26.988411503584366,48,1000,8,26.47328848534474
38.5607974860995,38.551105893885584,74,1003,19,38.477308052846446
31.16567963702625,31.262153811793418,59,1023,0,31.474780422254746
30.785902930033917,30.544487888452938,51,999,11,30.40140285314298
30.346975713575073,31.0099233157711,90,999,16,30.708586806133848
30.812274907016594,30.13914713205231,48,1016,2,31.105820562773914
32.34911248296128,31.857453816280593,41,981,16,32.47203580634331
21.46737846647144,22.25209018646478,52,985,18,21.300708161373308
19.945568317997683,20.36027397676674,30,994,15,20.04062865026628
36.24159967278401,36.29286330876511,54,1018,2,36.43173795584377
21.33828655295813,21.13035561529336,29,1020,11,20.886256357090595
23.047324986743483,23.13008845646398,65,1024,15,22.666956736727254
28.44576352579603,27.89382086914283,64,1023,9,28.68588588308195
23.579099548316183,23.447633153121203,61,988,10,23.189103166253634
19.177244406224336,19.376720456135736,87,984,4,19.334420262532635
20.787298548830197,21.515673918048293,25,1016,21,20.888491956664822
35.23074755012587,34.86837408691163,33,1007,17,35.43927116339524
31.101127523029234,31.68198129789546,24,982,9,30.94540385545937
16.185297408922118,15.724233755545786,63,985,18,15.822721716553668
35.38170787413876,35.23770711904085,50,1014,7,35.36057176004081
22.294499283881756,23.211532405892687,70,1025,5,22.286017271645697
18.12197311838482,18.80132400596794,70,984,16,18.135544035382406
18.19203450323263,18.24016952736703,86,1000,16,18.583498720203963
38.802510757708475,38.88476827403949,29,1006,1,38.311169691783974
30.39445908162643,30.047476399650748,59,1002,13,29.936245086097056
17.92161744139665,17.523260117102733,63,999,18,18.235635309903355
33.3050169709997,34.011857809806585,43,1009,10,33.6508770420003
23.49245329607515,22.81556260953154,29,998,1,23.67317552767803
39.956295936783945,40.44770049832265,26,1007,15,39.61499616183133
20.79069420629248,20.572229743697886,85,1013,3,20.99691186890094
20.66162597547309,19.71693202783093,81,997,10,20.523593648915572
33.85990571140221,33.79126364184604,60,1003,2,33.777254824038316
25.24030505471564,25.562218054931066,50,1006,10,25.71287461456535
30.99232429263476,30.998197493662396,79,1023,3,31.332287588595435
20.98930071151334,22.240362007771537,73,1012,4,21.26377944899628
14.421259975022629,13.885382224789895,65,1020,2,14.035648674769691
33.95926442137098,34.45636391897051,65,999,6,33.97276396196632
20.20955193801537,20.297275316731383,53,999,9,20.63032928106713
13.954433994996608,14.53926626154678,81,988,7,13.678495510688375
27.711602001329645,28.059052642880154,37,997,9,27.51445987405643
40.08578397753767,39.29594245388081,41,997,13,39.88881444723847
35.68305980638341,36.95389430952036,70,985,19,36.07299912931381
37.85836152653799,39.3463038393506,77,1003,3,38.355805444374326
15.109344831101637,15.22765520207489,40,1014,18,15.144654069750805
26.283391743950094,27.236448814621674,27,999,18,26.483532112779194
18.347512182391142,19.334394460141816,63,1017,16,18.57879054497595
37.07328541665798,37.468750063080854,45,1019,20,37.13627877218568
29.752440577618696,28.977200012052432,84,1024,3,29.968524702989527
27.420302616046072,27.92731514458782,45,981,7,27.25056462092693
19.913562125312282,19.62016446190462,69,1016,12,19.56643326785392
22.2935284417711,21.5806154799318,53,1024,14,22.267465103352457
22.492840962723374,22.615075167622916,37,980,2,22.844965439783522
14.222689732291819,15.338248178032241,31,1015,19,14.405711459081683
22.644922784025933,21.811042039565244,70,987,18,22.17573209297099
42.3083683350357,42.395569043108836,45,985,15,41.86327065516151
34.015541735170174,34.61476769020443,55,1019,18,33.728199030003005
30.561181402193245,29.94314959738498,26,1000,16,30.706528828837328
15.384410312078623,15.847681462919953,59,988,18,15.80944113849798
40.882061266366335,26.185032893184438,26,1003,1,25.658358994608076
17.171143902893096,17.295680732670025,72,1030,10,17.469617436603674
30.58291457032364,31.268293835087675,90,981,18,30.637103480050133
21.203553938562507,21.031727798935293,34,1011,8,20.92502732731115
18.939617293001056,19.066675459634485,38,1010,4,18.630502838711646
32.869730739692066,32.934702625362526,55,1011,0,32.51400806764654
30.70345291296061,30.037791916205492,75,1019,2,30.217889318156693
14.81108968804387,14.27422363306277,62,999,9,14.614922163680486
33.21604482973958,33.241630311414326,30,1016,22,32.97780453357776
20.437534831951062,20.22389729831234,73,1007,16,20.206437622006476
32.9350114158818,32.05416884866914,34,1016,22,32.995851802534354
34.006678034852534,33.095320931227306,56,1019,12,33.800633525879576
18.92478693715412,18.916224947039336,22,1018,5,18.818905954250614
14.931213811962914,14.276772867972266,82,991,0,15.102227826933621
15.881679029450845,16.261518154895285,21,1012,11,15.477304862264232
30.54030435692174,29.823119058618065,52,993,3,30.7559787466513
33.454092922445625,33.49576010148802,31,1000,8,33.1406416852303
13.872089213181829,14.081381041864805,85,1005,18,13.571749383276877
35.432516691466994,35.90033244036166,64,989,17,35.77114707847443
24.644198162447687,23.372415703593898,48,1006,20,24.23236192568956
24.832995078774566,24.850040664665723,39,1025,7,24.456095996004038
27.95844225270259,28.394043589414412,79,989,9,28.320832030760883
17.59148256081721,16.60001633087899,84,981,5,17.37779219734476
16.596992899920387,16.525378172017312,22,1015,5,16.723386588216176
26.663991282068604,26.039178950836696,68,997,2,26.947296394169534
22.559122344891108,23.500216971712806,30,992,16,22.910351140708627
35.18824484540081,35.72716259393366,58,982,19,35.18871254710632
32.22081732500135,32.20899406631039,84,1010,2,32.55176174831412
35.839171326110055,35.00595727416133,60,999,20,35.47337276903644
25.380913150755195,25.80898943822157,46,983,22,25.083764059195946
35.549806289348716,35.04747711281584,80,1003,22,35.89174296889865
21.707144299775862,20.362285579627688,55,990,16,21.351326449629987
37.77201827381159,38.70434066816862,77,983,13,37.778457153787095
14.92616740000603,15.0554013811074,59,1021,17,14.959523767033449
19.26540129031766,18.827665627089903,81,1000,5,18.83554642571023
27.220367928761004,26.567323749854054,69,1014,16,26.98492164661292
25.295201451508497,25.8529155810114,87,1001,11,25.747473983703497
41.028206048692276,41.05554790331388,84,987,14,40.72368727051615
37.286648425370416,36.66329358040139,34,1011,11,36.79296687504117
26.201795749311735,25.812176390491164,55,1028,8,26.017260620767168
26.70539584292063,26.393444505906604,61,1004,20,26.693429427507702
29.68791181363351,28.96966928060293,80,1023,10,29.29106616091226
32.12101324513226,31.864008152427672,44,1020,13,31.965985477806694
17.864903419944902,17.07381284259798,33,1010,3,17.414682391999552
21.485967257911494,20.997921715405504,55,994,3,21.50223553744465
36.406965312156245,36.66834417444273,51,995,10,36.57209491497799
16.161959447957635,16.099480082724167,48,1000,11,15.79050857230818
19.395133978177977,20.05230942279817,81,1003,13,19.529689266323004
22.44315278414704,23.01754736764441,62,1001,4,22.183886219555657
16.097304037867627,15.72709694654392,53,997,1,15.89150114008792
24.544137352664595,24.656803950783953,26,1021,13,24.75258502896574
24.801544759651605,25.787205689422464,43,986,8,25.050771008714307
17.40128634387822,16.04934919879042,79,998,12,17.04881733436075
22.159567400807035,21.486045547853752,35,1017,14,22.191043884122497
16.02623998535974,16.479134277806423,77,996,22,16.501815743339744
37.46169571531879,37.67500534772142,61,1020,3,37.66614461723343
37.964372532974615,37.75018062456097,63,983,15,38.1159506201389
27.076128168470678,26.196721955085266,76,1019,10,27.074103893336936
37.1646093935977,37.24131768583805,55,1008,12,37.285727117823846
20.55995019607969,21.652757827553845,75,996,6,20.688481596693105
34.657605144538984,35.217068899778866,44,994,7,34.90599590628826
35.39713415208569,35.098752279242646,75,998,4,35.75856039734394
24.709526584001697,25.22984431107674,21,1003,1,24.31042009527765
22.3474951334637,22.696918500306584,55,982,3,22.741067214084737
35.92085675060941,36.73604370589034,32,1004,10,35.78712422447702
18.92856390191792,19.246828430937935,42,1024,15,18.674436478749804
15.905225690436644,14.840676156252258,26,1001,21,15.798376815506288
23.1019638602579,23.00018547758484,42,1006,12,23.263557236388454
35.13122368629174,35.595296331438725,67,994,8,35.59717617021141
13.978508610634677,14.517642008256177,36,1014,11,14.355888267648572
16.625940315164897,16.491242286815567,25,1008,7,16.62908475374164
37.13954802441184,37.64352052837513,58,1016,22,37.5893822713319
14.765800892001577,13.663878790575199,75,1002,18,14.292492689866767
16.91040676598003,18.204100258253483,76,998,5,17.344798920133414
32.53038713919902,31.815292029622302,52,1017,16,32.4904993481313
19.29089373819952,19.864567139497,49,1012,7,19.288938316329272
25.811129844635474,25.539645151466136,74,1002,5,26.28911025023906
21.29196865236974,20.80683791860481,42,1012,19,21.722333904756635
31.999292118750507,32.56245134688379,40,1001,12,31.684428857709545
29.114367278501327,29.06909105846142,46,1027,15,28.80571670907714
31.50862815334109,31.01057878903569,21,981,23,31.131777520148383
18.128476574688055,18.189135362033678,40,1029,8,17.946796988994617
27.859986869535497,28.77644668429358,35,1003,9,28.191239644434315
26.846202263535773,27.449417567979566,31,996,20,26.50619887302315
14.850912488436364,14.424361271591055,38,1021,21,14.629444406007206
31.295187787619845,31.645798749996402,41,1012,4,31.77161681197635
18.036461293409143,18.7845634495331,75,994,12,17.793888995127578
27.466763186190395,27.179749723756625,45,996,19,27.35757826774898
16.466839193737457,16.477807601926187,52,1028,3,16.681376398426572
29.624023135216778,29.876330240718875,29,1002,11,29.695989365243882
19.858351596889992,19.286191403945285,83,1019,0,20.04722537900634
20.103227120059913,21.29043001533036,76,1014,3,20.586817052955514
23.667222659433534,24.088682502498607,74,1000,13,23.75612011421425
29.78888496546983,29.562843332560544,30,998,16,29.802808585358353
29.211768326367118,18.202185516707356,43,1023,18,17.916532100217324
35.49472379797861,35.3490101620924,88,1008,2,35.60306160947663
27.576088883180788,27.277461413297914,86,1005,1,27.275756382731668
37.2813830570675,37.30162355405242,82,991,13,36.99655946342814
38.95790346477221,39.28488487404039,32,1025,20,38.75115780270431
22.92717324283586,23.577979582599216,38,1001,2,23.37966138593242
22.177410240731316,22.535403826364785,58,985,14,22.329168611587452
21.964410599651135,21.770727551012747,48,1005,19,22.021247254280485
17.460492427861222,16.76095230384795,36,1005,5,17.697352340895172
35.26749041853181,35.47640995107304,50,1004,1,34.99026393864658
29.732793320642052,30.479679802039787,58,1029,5,29.789201511331566
26.390837803084093,26.093834667507124,35,1026,10,26.122800055009364
16.67052020377356,17.20799476745335,45,994,0,17.038187847283982
23.982029905675667,23.924229709074226,81,1006,1,23.80245274444628
23.590932477300942,23.330429776915015,84,984,6,23.51149205985037
26.828139340341906,26.708113360130955,33,1004,3,26.75078200284358
15.743836234882588,15.553029294694593,81,1018,23,15.851884779988794
33.29709542491173,32.814460992800484,81,1030,22,32.90617865429851
36.491764619987904,36.40881973129053,63,1006,18,36.04743991163012
28.487095550618392,29.005368052034484,59,988,19,28.162027965971443
30.76293778239542,30.731750908366852,57,1007,15,31.03665418228303
16.62948966742035,16.19469513231112,40,1013,5,16.54867369332431
16.298231895314796,16.464024131452355,25,1020,20,16.166267765434878
41.44245380682537,40.77368878755378,38,1022,13,41.30414750897385
36.3086615109082,36.662100144066706,29,1000,20,36.03962880503411
31.13046854697703,31.602245195056934,36,1023,9,31.261498841498
38.16278920714715,37.1673647786677,87,989,15,37.91068488885033
20.708442678653128,20.516305411504806,63,996,19,20.538232076904517
32.49883695139404,32.03427984677385,74,984,2,32.063701358257305
24.391845438978788,23.63316565390332,46,981,18,24.418301549555355
20.531274127715783,19.907145727108894,80,1019,2,20.31681571246198
30.24319433273098,30.29926904299947,89,995,4,29.920720866113435
26.968092411628792,26.519539593880417,79,1010,22,26.905942964448784
19.75739765259767,20.90106988643965,21,989,11,20.131684607363127
35.081575431332006,34.788183491892084,70,1015,16,35.565691549091476
37.25094127543736,36.836876862518444,39,1016,0,37.68972189919162
17.938947739788087,19.157662080683817,46,996,1,18.258232119160965
15.287423546621525,15.207121663933332,45,987,7,15.461572493169085
36.07480057784673,37.2342562432456,69,1008,2,36.33598601554895
19.440886081637682,20.4087282674786,20,995,8,19.61484416341993
25.32808369781146,25.84584417500187,53,1007,2,25.463295148571202
19.19830168393065,19.53074197893906,73,1008,15,18.862151249528885
22.920249015397864,23.43526834684384,58,995,14,23.191350134733167
22.294661365330708,21.87768687316007,33,1028,19,22.0761975702813
23.215120619239123,22.86241737623332,84,1025,11,23.55730459056354
24.53192314951419,24.088868298282808,33,986,21,24.29392470192585
31.593192753532076,31.60591070195732,67,1018,17,31.770651203361783
40.02113161663941,40.22160413831938,26,1015,13,39.58177960179602
27.145755174780977,27.47482708068215,44,1023,10,27.05470231579724
35.15995717064617,35.120167920109644,76,1001,8,35.564046070336495
24.130128993352645,23.93273503621816,40,1028,4,24.10570379970641
29.87538792171356,29.39662382935902,45,1006,3,29.9864356158008
27.328088299739985,27.92807998053712,84,1030,13,27.661018230711697
27.92476175941266,28.298633968167863,52,1028,13,28.124727202577986
23.97051223722822,25.017708518446486,34,1014,10,24.271222572830652
19.593521355733245,18.46863448049602,74,985,21,19.185861765481064
14.865791271719118,14.859204134391437,60,986,2,14.85200380508546
21.93976970103108,22.008439128727787,42,1015,8,22.018555388548737
32.54392475867851,31.959173358696734,20,984,2,32.65458039200859
28.35228948457871,28.410733849959318,55,1009,6,28.306612826367804
16.08350030187913,15.02617276013844,81,1020,8,15.800512324707409
36.449355910745545,35.88523604743756,59,1020,4,35.98984428892238
28.79512634438798,28.451473097647558,84,1014,22,28.422044931565445
14.617113458533822,15.102932109382795,78,983,17,15.091229225472679
32.58156381794337,32.893625422641406,70,1021,7,32.282109228786894
35.89472180517973,35.148840002382755,29,999,18,35.865889615249586
18.41573766599091,18.73011066943145,84,1022,10,17.98413602806312
20.791693527313075,20.04375287587457,76,986,11,20.59609332638072
21.368985434798468,22.19842774399713,65,1008,20,21.535230147335515
28.417836371765645,29.522719188202753,31,997,1,28.527765893179172
33.88244250020746,32.738297954124505,57,981,12,33.43651508652037
14.349361931964733,14.437900409167193,59,987,18,14.224292422673116
34.68774983460164,35.276166002502464,55,983,9,34.751911737466465
22.574560277604668,22.78451113640016,89,991,21,22.327359268080343
18.69489561245669,17.89440257039131,32,1029,8,18.8435247190323
27.56287899457856,26.826664594984898,31,987,13,27.204468883903953
34.31587941772115,33.25934683534143,28,1000,22,34.138993836518345
17.722768914740787,16.724328267300532,77,1009,7,17.62874013485421
16.454859940595277,15.208536388832181,82,990,21,16.202685047282017
40.527243600004965,40.14248280267042,58,988,15,40.25710798245066
27.41209432181557,28.00381994491506,31,1002,10,27.532159026027088
16.13077320780555,17.3128890943925,31,991,1,16.62281505670831
26.219671172045636,25.61450584386247,51,1021,8,26.182726416788345
34.34667467448312,34.19824229534626,37,1024,11,34.09479937137724
22.02193790106904,21.45555436737206,54,1025,10,22.160226835125123
23.94730348676108,24.75705280403256,89,996,4,24.41854156900243
25.173631703497605,25.11344309033555,66,1023,3,25.085245395083533
25.4893654682776,24.164384073697672,66,998,21,25.136509741665346
17.30207822759705,17.308967436151136,71,1004,3,17.229732052015514
17.89945434729083,17.985347001249693,56,1014,10,17.9782375792429
24.52518786623292,25.451040661354657,46,994,14,24.482181833683793
38.628027815225316,38.617746469631335,27,1029,13,38.39833200697047
13.887813391970962,14.124347418647064,34,1028,23,13.480645334763164
35.799529059809885,36.01783319487501,65,1016,8,35.34354542664492
35.91991738546403,36.24018452577239,54,1015,20,36.1006298865309
29.86569974311844,29.83693860471759,24,1016,14,30.241234757135853
35.680512507022776,35.040353761521615,52,984,1,35.5085639221821
18.84720458912718,19.766844485645972,37,994,2,19.222609650801342
27.41553463502127,26.75033379352916,59,1007,10,27.340947059664863
23.82793265168573,23.977267280282792,38,1028,12,24.222685630428654
17.194593493860957,17.1480355594296,56,994,19,17.283443821021304
29.446690936552535,30.173089038344866,41,1023,3,29.770627053460856
27.407433535284248,27.48957658300452,54,1000,10,27.752647818532182
32.43620340370386,31.579693034077195,27,1007,21,32.50432562829377
26.56311001120841,26.901079945965698,57,983,17,26.97903987924976
34.27964937178379,35.13201040817352,59,989,20,34.447066820303895
22.605869662894513,23.173022841060906,37,1003,17,22.825034964126626
22.806987245568195,23.022900276400627,36,1025,3,22.980842174270528
27.066388447098465,27.049952694512157,25,983,9,27.043830085769052
27.36862942192099,27.99719096578232,40,1004,7,27.309850908986466
28.35637565715961,28.19994067696468,63,998,3,27.942396321569245
23.787379950436264,23.661870989659572,27,992,7,23.521550360742324
17.36076745458896,17.07009826208603,84,992,22,17.21575196829567
16.749728454099706,16.34770796841085,76,1015,22,16.96188041089782
26.048049969141914,25.57733676815304,89,1009,10,26.225899029155137
29.082913625749267,29.346789043245284,31,992,13,28.74793049458768
40.57507078953495,40.305775610621254,75,1009,12,40.91815180226975
41.413052348262674,41.211659912624704,31,996,12,40.98853776269667
21.27564575688672,22.01306887862083,21,980,15,21.419539013990022
18.53945850811068,18.12604716166437,50,1030,9,18.861331980133123
17.714173450835112,18.426307319759307,85,1007,14,17.691495090964242
15.941832567680928,15.832656244402306,36,999,7,16.253379277977846
30.67696949176562,29.56262439546146,26,1018,1,30.43639043213944
30.82024293340206,31.686796835305064,52,1010,7,31.00732594209085
21.660381269562045,21.749005459064957,24,1015,12,21.85166135145233
17.793829023701996,18.5641108324055,38,1006,22,17.568548218487102
20.883415403075738,19.798580714570488,85,1014,19,20.445524980259794
19.142794319060435,19.473431581359318,85,1022,0,19.323368976439774
19.904645426096717,18.93190099302788,38,1016,16,19.46026606342527
33.312976416948814,34.0963228031291,29,1000,13,33.38395260596863
21.16116163676764,21.307528519570056,78,991,1,20.923998717038934
21.91351903755958,22.94614908711082,81,1030,6,22.174798903978825
33.54416044273764,34.10377691456093,21,1000,11,33.707459399704234
14.855193231950524,14.698012850186842,41,991,6,15.10925072027657
31.814764182734702,30.72864294349931,52,1019,21,31.6820017914336
37.77779792537858,36.66173484085716,20,999,1,37.4796874466249
34.53004554991241,33.70954792590384,20,996,6,34.109883713780185
30.99217623981513,31.32062517818221,63,1002,2,30.595935036577732
25.217768005171504,24.69556791070877,27,995,8,25.020698777330992
32.37395276017704,32.34337259581033,59,984,14,32.08716102847384
33.62154977909128,33.12466362867833,44,1011,22,33.29904066027628
35.41244952469551,34.345724291379184,70,988,10,35.10125248450641
37.46281125718669,37.62684445422312,59,1022,8,37.14602652859303
15.680272917260464,15.551421775933516,30,989,6,15.986696702872118
14.486466950603019,14.196306471752061,68,980,18,14.667914371497158
30.02513471469615,28.89166725073553,81,1027,10,29.799758910308626
31.421775174633154,32.0025462081787,50,1002,22,31.867585379282104
23.01888793058058,22.555278940039443,59,1024,20,22.979476656046725
31.80284156378488,31.757930571404295,37,980,2,32.06108460019501
25.506747952015758,24.95045214138491,80,981,8,25.46867017861857
26.838806680883927,26.34173802218434,37,984,23,26.447596358219887
26.391271234939936,26.871169982163476,90,1017,0,26.17232291256894
17.57539140479686,17.979807696720414,30,1023,19,18.021515705301088
26.4484425063697,25.116575638715766,73,1015,14,26.04303804566466
29.016824113611722,28.89407689859463,85,1014,20,28.571870008188125
32.82137587144299,32.5556835240175,76,1016,19,32.84419847488957
35.34282393409319,35.18313484880914,40,1022,15,35.001944016112404
27.314052824894485,26.07292900390262,87,1006,13,26.94548340151277
39.62275557423978,39.5183699635596,55,1012,13,39.437068812903156
31.343631176083896,32.515966888862316,25,1000,23,31.745195604704065
36.86139139743063,37.25103436185689,87,1017,16,36.44601154555743
27.486284257466124,26.51564440416741,33,1020,1,27.301655761471697
22.166306268841943,23.17928666296058,37,1003,12,22.35397842940219
39.19038828429007,38.96951165654523,29,1011,14,39.095470435056754
29.65247381663992,29.857414314215106,51,1020,18,29.2293457417362
23.371770621821526,23.642486175706843,41,1021,14,23.444899490353617
37.01044491675977,37.718984227546194,42,988,13,36.930934856787786
21.173032700632305,21.365155512544657,32,988,1,20.878149762954845
22.141242880115055,21.51601707199269,82,1005,23,21.734878733976196
22.327847750937227,22.111570965030936,55,1005,21,22.16783139478742
22.753140460299484,22.494475923289734,23,981,0,22.73979322936535
23.25001602237054,23.731033011606055,36,981,0,22.999634268622906
15.80220434925085,15.611810394186175,54,1029,1,15.809011131624741
31.29612552111915,32.363027659156636,29,1003,3,31.43522384068732
14.842407892401493,15.239061891300805,75,998,11,14.463798692407556
24.123649957306597,23.936710820904164,21,1020,0,24.622157224642738
15.191016341700712,14.849823872416566,34,1016,16,15.510502291213662
19.342666271777105,19.952953416834234,83,999,12,19.683748268940345
25.792879910793946,26.704976686489537,67,988,13,25.93586711159726
31.81441567263941,30.72047354672024,37,989,21,31.353866297891617
33.48619356823092,33.291270553756156,54,987,11,33.394097747963045
23.50719315959447,23.270048411880914,42,991,23,23.09081168822256
27.17033147496969,26.763335588898997,89,989,20,27.08152032112106
23.328994006893943,23.944547533774703,78,983,16,23.5220146345144
31.96051590890995,32.47296024573256,87,1017,4,31.5477671270007
42.09731752757142,29.013060016520043,68,1015,19,28.3624063592991
36.66346563914413,37.58058650747717,71,987,10,37.041077317738825
23.05387948837548,23.368168160781014,68,1008,8,23.487623188989026
27.026498821506973,27.331083397530982,72,1016,19,27.502023263629262
18.446236911643908,18.238362953784574,66,986,15,18.31343118704878
22.072890340453515,22.930460506889947,50,1005,9,22.067840392875844
25.47174807813141,24.70138986730665,28,991,10,25.126292685249293
16.74196403043916,17.18209509485107,82,1018,1,16.553593611821924
21.646951149873136,20.949614760719697,84,1029,19,21.26588645898559
28.5026677550655,28.37853513840357,65,1016,18,28.320465125759842
20.43999943808284,19.349682537221565,54,1025,8,20.305972350256333
33.48554345795806,33.025054841134505,86,1008,9,33.01102994177533
30.91368319198497,29.701275595564546,72,1007,16,30.524105976512104
16.704712045128076,17.897297215480375,54,980,8,17.11226036610814
23.935122153134234,23.324920471996556,87,1008,21,24.258860024995975
15.731563434698854,16.48344133480842,84,992,20,16.11696336288113
29.94847365785877,29.290714753897284,29,992,15,30.160326816566446
34.47809979523738,34.33312370236808,57,1030,13,34.6102437332901
29.15253532833112,29.091787225956928,46,1014,11,29.422121398802574
20.947746967628643,20.255816418907763,47,1007,15,20.9846542631095
26.798275551791203,25.634334612236252,77,985,7,26.393515869136706
21.826737699942427,21.821024969717225,42,980,19,21.860734792723225
20.21194060683529,20.936757601952618,69,994,7,20.307890556147242
22.930452708439198,22.713370231448586,64,1022,16,22.72711320143027
21.739798330508393,22.392962441431376,54,1019,12,21.98531979880309
15.012493841089354,14.752303952766617,33,1006,17,15.115378361838083
19.33514334999209,20.268092790369202,29,982,6,19.676400009873323
37.21852722330835,37.99360564518036,42,1027,1,37.47884496650238
14.31355129803421,13.357018186693827,79,1025,7,13.817564574762393
35.58901188194168,36.88384111247683,38,1025,13,36.073545713420636
36.030239880962135,36.4452853603326,22,988,12,36.42929378591462
27.670534755080652,28.127970746520862,62,996,10,27.20520003129838
16.467439447249514,16.68323251441472,69,1000,22,16.23641762630643
27.854061549624326,27.370693168402376,37,1003,5,27.801901021550822
22.08025151160104,22.06797176642962,59,1020,22,22.536014773383684
18.322523890108275,18.176612155426813,22,1022,19,18.808383020474707
37.508991537903256,36.94234626048392,28,999,4,37.90587700817365
20.35936115431157,20.043824993485934,30,993,15,20.11876332924934
15.100145966260671,15.930440768500235,27,997,9,14.97381880258568
25.659789026397885,25.519859438400402,62,994,6,25.36486981626054
35.55177175650026,35.74740026742461,40,1030,11,35.787245410737455
18.848423575034893,18.52226551519683,83,993,17,18.85469244428118
36.646684808190514,36.785090095058514,22,987,21,36.394731965066995
38.838442142610226,39.74497517532723,39,987,6,38.972526868793324
30.490379786560105,29.55535439841683,66,1015,11,30.34185841005255
32.94244215381107,32.63387099588788,66,1005,11,33.15890668702665
30.835290904736432,31.41853023032513,70,1006,13,30.98052362005547
20.75916107059045,20.386215216220855,82,990,2,20.8580621934055
34.40185559257794,33.776729954298816,60,1003,16,34.18653177147428
37.13194689231634,36.58444190772491,65,983,4,36.64334268836374
26.476928512001724,27.085397071273228,31,1012,8,26.82129231480584
20.835746256555474,21.272214383144842,70,992,8,21.06603538792134
16.114651317952063,15.41675885571575,27,1027,9,16.119681227767508
38.33536160637073,39.60010841438542,20,1029,10,38.809200145706036
17.14538595180168,17.682478260028752,81,994,14,17.64365829728457
14.176937783405307,15.328431315049116,31,981,23,14.330553001135138
30.258116313053577,29.44620041087007,89,982,20,30.129512188880554
36.440839125987736,36.865688214738576,75,1022,4,36.3164653994611
34.84435155908559,33.80242023950768,33,1027,22,34.791183745989585
38.08057092646931,37.871649395639174,25,989,3,38.08007287066941
27.967312438035577,27.924047424036466,38,1004,1,27.560649639076868
13.34296719326775,13.357738488324841,84,988,17,13.423494731116108
21.239208659376587,20.650079663205627,21,998,16,20.962612538247903
27.79641871162581,27.471741668036476,77,985,18,27.656762365334693
23.26389394838718,23.131874174698773,86,1018,13,23.507969154984888
27.46097720581023,28.104069140046654,49,1006,5,27.805332518230678
21.50527831247562,21.903684208205586,69,1027,7,21.5033965238279
35.614813545756654,34.882287561654145,73,987,12,35.31779794213099
32.449080605662274,32.865139704456645,51,1007,10,32.20266313349108
24.716236432484898,24.571818684783942,81,984,7,24.697791737154958
34.55898654631249,34.343633259947616,37,981,6,34.9778134190986
28.036138505185242,28.748136587416976,36,1002,6,28.083996589552108
27.671754288603996,27.64933983614256,50,1006,0,27.248299980500253
38.369678517990636,37.47742929908543,87,1020,14,38.32247898788376
20.944680358017738,20.57074520238635,34,1003,7,21.131656630856032
18.792151403861993,19.815543873107735,35,1018,16,19.277673510499152
36.630144114200746,36.652769050076465,65,980,7,36.677035564019015
15.136383528363229,15.392606760863629,81,1003,6,14.904544107880593
14.603737080045487,14.818954987285988,88,1024,2,14.136234758902406
19.86911590472096,19.94840535683503,25,1004,1,20.310408286657683
20.975424710256394,20.426024165098934,80,989,1,20.99923296670272
38.25406722762428,38.41380016209838,33,999,9,38.30826711759406
31.000523813649448,30.615461445081344,48,1016,20,31.446030521251465
21.014494468100292,19.800663313107172,37,1020,15,20.758987223392623
18.979397658476696,19.45575920399125,27,997,19,18.841491067797616
32.86692243621941,33.615494738476755,87,980,17,32.7369024934087
18.94526581067863,19.00506968452932,45,1007,8,18.77216849589483
34.278546741488405,34.59071569750494,51,988,20,34.10090767283024
22.416553474431232,23.1288929499796,27,980,18,22.174720662537954
30.642378562847178,30.468834716122792,29,998,16,30.563043306809714
31.85756165600277,32.33795418600005,36,994,10,32.114333133628804
27.68508918252583,27.593897770533804,58,1011,2,27.66028107418121
32.40039207513465,31.896195365771845,74,988,18,32.48228321033824
34.40519558678863,34.48409416895833,80,1012,3,34.30930106850241
33.70533253693979,34.141098370731115,39,1017,10,33.84036150873865
23.258346572609707,22.719025783130807,30,987,22,22.841354810833266
28.674253507589835,29.481038220840414,50,1025,7,28.60668618915086
27.107231753027325,27.872470154627564,28,1021,19,27.32130630330715
24.04522643006393,25.146292055851422,46,1030,15,24.235550233199707
25.16565787511353,26.05403134211265,20,1007,16,25.174527197446498
21.716902222713504,22.254313233541534,73,985,20,21.517611930882726
24.646514562876494,24.783953127444327,75,984,13,24.95755976816286
31.781249427048593,32.22657954233343,52,981,19,31.40118968210011
22.154907139830907,21.342739429346825,39,1000,19,22.213349362090277
26.925100099758456,26.5729924051877,55,1004,0,27.09793990146508
15.971148747934027,15.615951251106146,38,1013,18,15.538356248393482
16.97921960913202,17.068750810186703,71,1003,16,16.9876912999376
17.183450760270883,17.187357466346104,82,998,11,16.818923854876026
34.821099865534755,35.406172652002844,52,990,22,34.54179041724938
38.32656176396615,39.12424060693376,40,1006,10,38.227544491733994
31.94566582194599,31.68611685138647,31,1029,12,31.709433810611873
39.35383195150912,38.28309912212527,39,1010,7,39.03077309899764
17.771713212279018,18.557116243437136,24,1006,21,17.606189953341463
20.479629321847124,20.180531949257055,75,1009,12,20.390028919995817
28.694312813843773,29.252162204706842,62,990,2,28.94180719090671
29.790085339963582,30.606909141734995,38,990,5,29.872762447388208
36.86029295520337,37.0734744266354,81,1012,13,37.25058738486327
34.03187120840498,34.97359257121145,37,1027,20,34.48423299576566
14.482194167293814,14.682776821492745,23,988,17,14.935665929623184
26.511966820286048,25.455035048185387,60,1002,9,26.17495462819807
21.391465355586675,21.79303499335356,41,987,3,21.610990151918145
24.58719075501464,23.73374029336779,60,981,6,24.38851286978618
29.204814372518666,29.50710709119541,71,1004,10,29.286483570298593
17.624899074498163,17.332717527345963,81,985,8,17.658833489115906
19.226558483365505,19.7200275019375,70,981,0,18.821992954113032
35.28416967723377,34.05475818771626,36,1028,5,35.04133322986196
22.22791824668356,22.76908601285148,59,991,4,22.686917811270558
30.125964179682317,29.903787460016424,79,994,19,29.89409265870532
22.306563813335824,22.20832431766525,39,1017,9,22.50665655596782
36.457295263862676,37.054121796514714,30,1014,23,36.18773143253076
21.699857195489148,22.012825307115342,48,980,17,21.731098169877477
40.304938742814656,39.971728069663826,84,991,13,40.725596485201145
14.291709133718603,15.44562337349812,24,1024,9,14.705448201873464
24.495974721324444,24.79065178697132,33,989,12,24.650661736069374
23.656112150029355,22.976558559998278,30,1005,0,23.83123056025927
20.901311013921788,20.0351224478694,84,1009,0,20.86835659776311
39.13262612230412,38.83119880357554,22,987,20,39.2412903533651
17.779729529780635,18.49773446771249,77,997,12,18.079817392845992
36.77270698473697,36.455898816697434,25,1012,21,36.834392038030145
17.827979736874337,17.981063978654632,42,996,5,17.61151704423936
13.941053763385451,13.579227001258587,40,985,10,14.28849263242307
18.021654841182908,18.660356854199613,72,1009,10,18.31396245849667
37.778180508547685,37.30329424546028,86,1014,13,38.147609229833
23.079924940749965,22.132840003374163,55,1004,4,22.79453860664738
29.731291311326633,30.501065773041635,22,1010,22,29.887315603698198
24.630752259451878,25.242889453850417,74,982,9,24.49819090449437
40.034136762205236,39.5975685070285,42,1030,14,39.893917127606144
22.41547982655333,21.883332880591496,34,1006,13,22.01889441583101
36.15422867666409,36.14337412991476,89,995,9,36.41332858425301
15.652653829088404,14.96334940829886,20,1030,10,15.705343937698798
20.642980401196397,20.983922585124578,63,998,18,20.8186261964344
21.83985490340229,22.256606561911838,79,1013,6,21.61077545920506
21.46365561809163,20.809871071856474,69,1028,4,21.635917380395803
33.479701388794794,33.559777574115955,81,1010,7,33.028742687550356
31.681229884686463,30.89097455549297,75,1020,12,31.659787736507795
27.004566626909558,26.63342770504641,26,993,6,27.255745266987244
15.58951486847797,15.633939532583277,50,1018,19,15.207537880239425
23.411893219211517,22.17340917856521,36,1002,19,23.115113416897376
37.22898757431006,37.30485078597783,49,996,7,36.83653961921724
35.14964529314781,35.96768236094376,63,987,1,35.24159313302433
16.080797104461894,15.12387659552041,59,1028,18,16.021499086913252
14.771237242949953,15.185851663891068,50,1025,8,14.741729691238715
40.48425221780401,39.756717228794066,40,1003,14,40.06829896239263
23.496943683951642,23.653508228290807,24,1024,9,23.015260502432223
16.4161134842583,15.672108851323749,89,1005,22,15.993295023826926
18.380959156117715,19.357677271021956,35,1030,9,18.429813835952505
35.473266148475794,36.14465228854675,59,988,8,35.20710265280508
15.167890429769026,16.1537597240773,30,1000,23,15.665210075429174
16.60458580293555,16.17136293052495,71,1012,13,16.834654298225914
27.30081329421974,27.167011118349585,87,1001,8,27.27185453084019
29.032486366398945,28.4303787264331,78,1007,19,29.23859586446017
15.230433080796814,14.973199488561876,30,1007,2,14.973643935793309
31.74167378171771,33.075293344738384,87,991,16,32.16224398878588
15.812920415572703,16.560699610420606,27,1007,19,15.861659914292893
29.06932532246276,28.881074934579157,67,985,12,28.970338476716837
39.240241188111995,28.666536947788117,68,997,17,29.38008977809713
33.93784275883369,34.73218536713604,78,1023,12,34.4259020345354
20.98370011875148,20.01569304722925,24,990,17,20.987839830148495
36.774069317803466,37.678516920762,35,1009,12,36.713746819973686
36.19042457972634,36.34468264204705,74,997,14,36.30135724347703
23.45323337199218,22.893128323222587,81,991,19,23.113165786769454
36.31972702279994,35.590352345149164,51,1013,7,36.012557850878856
20.1422323363279,19.41745034337087,21,1012,9,19.645230709278763
37.16310074607492,36.89605200455003,62,989,20,37.10444320656051
38.63380988997703,38.37601108479444,74,1009,22,38.16993071237385
29.29511319109429,28.11689030852766,72,1029,18,28.85625821028231
16.23837065783856,15.161037007319777,71,986,4,16.060063191373295
31.638893022290677,32.169145076934306,48,1015,11,31.629453505436935
33.73247642551592,34.10819231274453,85,980,7,33.98952615700442
21.89412410694611,21.535515492162403,72,991,23,21.495036625232945
36.45173558746281,36.59424097435814,34,998,1,36.75853849230843
37.21077428543095,37.038063724149936,21,982,13,37.427442851821255
26.93579620841612,27.127469770366087,64,990,22,27.083567343330557
34.38695802682725,34.84981523547594,27,1013,12,33.9725858918545
23.82364436592784,22.643693664950526,59,981,6,23.335348464334285
14.784146984448093,15.041831303103692,52,1027,5,14.329378873694907
16.447946610598805,15.828641007412042,41,1003,16,16.103926370020538
30.175551079807505,30.609933234422563,48,1022,6,30.143717647296175
31.11103869894766,31.297179857004757,79,1027,21,30.82794423795653
20.27853775543675,21.585937845689493,69,1005,2,20.772038671406268
21.827434990546102,22.080705378136123,87,1003,4,21.66970092389327
29.31561324211146,29.235366953409304,73,1001,21,29.24488296623995
24.09000971734653,23.95743817720162,84,1008,20,24.336223798770863
19.296151270905685,20.466360444697845,60,996,0,19.751580588599982
18.418971012242324,19.731234954539087,76,1022,18,18.904773987763434
45.69642910905607,36.800265284359085,78,985,19,36.98586657205157
39.67397457645762,39.117354433809105,77,981,13,39.35431056789955
32.16442726208829,32.254492985832044,32,994,11,32.1609948398795
18.142642964759784,17.868328146249116,81,1007,5,17.78368211857811
22.810504895214542,22.656376217706356,30,1025,10,23.02952143776492
13.34325171805003,14.154749338345372,68,1011,10,13.723950258778594
15.028015144560442,15.563994214872949,52,982,0,15.384850379518749
37.42476989813988,37.954700466135925,24,993,11,37.87091516824978
24.339790070306538,23.94544483101968,38,1014,5,24.640984152074314
21.59757607841593,21.650070235561152,72,994,4,21.47082593353713
31.926975079187716,31.06606393913154,82,982,23,31.58825986152108
36.22019484448947,35.32975940728502,35,1022,7,36.07545636353096
29.32405482859725,29.50535755206908,47,1000,22,29.036967850900336
32.73811613536727,32.98521038715587,87,980,11,32.90149029078932
15.291537130443448,15.481710875807696,70,1015,0,15.004497213501123
26.389530900291078,26.4890282517907,29,998,0,26.431881753170035
33.54983693979516,34.45409524425465,62,994,3,33.69447637512232
17.433561012021638,17.744576144597882,80,1010,18,17.491398573597525
42.90324844049755,32.522551626670236,53,1008,23,32.53591053149596
29.077647556472034,29.805803132155617,61,1030,23,29.33336327997091
17.50530990438679,17.37736098421547,77,1006,14,17.975278672152484
31.585331172573834,32.908136989429366,41,984,9,32.00050553032441
22.40988598465667,22.415683909050415,62,988,22,22.15109976483301
35.823916684797766,36.676255883314454,34,1010,22,36.21275781881869
25.721635290742846,27.15846005374898,29,1016,12,26.165108541559746
26.134781315340277,25.831741842150493,87,996,4,26.586232559234215
16.788841557067023,17.379891252770193,49,987,19,17.249245002986772
18.96230824381013,19.184616196934908,39,990,8,19.316887039838427
36.01937362071056,36.09862730246865,42,1016,21,35.55617992189643
27.1598309060199,27.100450111371728,45,1017,16,26.86606203669924
19.295563049729328,20.50946332213348,59,981,1,19.687408058096878
47.35762445175703,35.040446345555154,63,982,4,34.974906090869084
40.27827248232608,39.37947587248385,65,1008,14,39.80919039155593
16.1671314040088,16.213697370747067,46,1016,6,16.17555688659611
17.0821558024547,17.67006963552511,68,1012,6,17.15488111472917
31.903746329151716,30.8822436621597,80,1026,15,31.634311381884494
36.84418637130503,36.660190652939285,26,1009,19,37.05387252145662
35.299675392611576,35.294855049766575,60,1012,2,35.74192857350522
25.495786529245724,24.793540380774367,76,984,3,25.050123036606387
27.723163515346677,28.39369210196597,29,1022,10,27.670286062477402
21.762943260110053,21.09831165250524,25,1007,3,21.43473093450134
33.89607957582286,33.044536946230885,76,1022,8,33.5875413015738
18.2901037702164,18.87484551940349,53,1023,19,18.19386297639758
15.144050847037823,15.659549856883574,77,1012,0,15.25536618940819
36.28308911989327,35.79731232871832,28,1026,22,35.84174729292741
28.54140998472367,27.610706784015335,41,982,5,28.184099861351022
36.65462781712093,37.12226571530042,57,1018,20,37.08488061853117
38.15455682266337,38.107490194796306,23,1023,4,38.30174379679526
31.543488818008893,30.68954602163549,40,1009,4,31.263023547756074
17.29924363994885,18.18229846507846,61,1010,23,17.395276974250137
32.6444646120852,32.029756752840946,24,991,10,32.90372427377462
38.077396512500755,37.753207071131115,88,988,1,37.881101854794075
27.519397297743065,26.99196593583737,63,982,10,27.616530018486426
35.89826184259372,36.20108821294054,73,1012,6,35.515230957346475
17.41326923051667,17.106826226526284,73,1025,21,16.928789293359127
31.002616497130337,32.189994644963214,72,1003,7,31.41587626071428
20.439636800764283,20.043177447482194,51,1011,11,20.88215158865659
18.746983820795826,18.34380021179087,71,1009,22,19.098487992227625
18.90481422620732,20.12661244807918,53,1022,21,19.272056388680884
38.208389237615926,38.5301592847856,52,1016,6,38.02767234691072
16.07436770498285,15.203556210799315,62,996,18,15.718279948457587
31.954363213833425,31.173291375151152,63,1000,16,31.95351405278092
27.61179380856812,28.319729256559885,70,981,13,27.927361648092777
29.569411255950044,29.055674625735556,48,1029,5,29.432620566766808
30.185309144615196,31.24099455437269,64,991,16,30.285458372471975
22.2732759993873,22.584945349708548,42,1021,11,22.037916525934136
18.51201371638024,17.90165262673577,37,987,9,18.025525427840197
37.73626125483261,23.38443534820783,71,992,18,23.577681792877108
34.45469923008829,33.50613759322939,71,995,18,34.22807302188278
14.34257049045312,13.554763381467302,24,998,23,13.93066490129307
30.323015884849124,30.682018983515842,46,1021,22,30.682932295870355
19.043478617649562,19.77623370249674,28,1029,19,19.01834587624632
39.69739231832573,40.61247365858743,69,999,14,39.71026982348956
15.972647683443137,15.422337957400163,90,1022,0,16.02357468232676
27.178435572785123,26.478079289466283,28,1024,12,27.028316158371133
23.54547260481151,23.749300125192295,45,1001,2,23.60242264099241
39.063210502487834,39.76520321051558,46,1004,6,38.95557825431686
37.106473461788646,36.70825721998429,90,1005,22,37.007618912161945
32.5392499711533,32.16876349731754,81,1007,7,32.199390369085116
31.140289911053696,31.277285874720647,39,1014,11,30.96159379121117
16.522229599096203,16.623761687976497,85,1021,11,16.746467150823968
20.874467829020237,20.941963197574864,54,989,6,21.371968031956044
24.189123009531638,24.164876059617786,37,1000,23,24.661990210768312
28.030317038189324,26.98058655258564,64,1014,21,27.715640436831254
31.84723429826235,30.916161270839414,34,1024,3,31.56077205182492
36.158700285383674,26.224844496839154,82,1001,4,25.815949900152354
28.07340406025372,27.193486592356695,68,986,18,27.76588387876957
30.994227024719784,30.25176606454402,88,999,1,30.712328256877573
25.18023656752212,24.94050311592995,37,1013,15,24.864034840799526
31.95403086360412,31.393927832227693,77,1016,4,32.328404267542275
31.260055196093685,30.0265720321,84,992,11,30.824260263420832
22.9089487057385,22.743193157869737,85,993,0,22.875304726908908
21.329258439203958,21.123573745095392,75,1001,5,21.00813357641342
23.380623176527017,23.337437112133202,66,1028,3,23.356170063047017
29.033682941197277,28.26286491140807,27,984,23,28.729343913759312
23.351353375331506,23.598400622566846,55,1014,17,23.584871419272496
37.889262732994816,37.7109032224734,27,980,4,37.81438684420916
20.773906852758493,21.108508517622045,52,1015,21,21.175205869434404
15.942904022552447,15.517836113001207,57,1019,22,15.920678405696567
28.707468752390298,28.070080805658236,32,986,6,28.36872724057291
15.118795585922603,14.156011156381265,75,1015,19,14.7336481866237
23.000005781878826,22.62753966672077,88,1019,5,23.42818329244124
23.29974862786608,22.759961786736817,20,1029,12,23.213582589641042
25.73277971807871,25.708023925848142,59,1000,6,25.62903597425197
20.124186400681765,18.90079207944851,29,989,2,19.8012606301238
18.939190632388446,18.16680121858917,72,1013,20,18.61200103781746
27.25896170297683,26.131713659195945,68,1017,11,26.963371910666766
36.40257917260792,36.097673840501734,89,1024,20,36.75385267488562
24.721680379604212,24.652703917433435,39,1009,6,24.933206407751932
15.161308844299937,14.492685129797641,48,1027,1,14.919390597762366
13.81667165681287,15.017181360402054,78,1030,18,14.100066927373383
14.833192503067954,14.089611963511048,70,991,0,14.938191685617364
16.9756129441078,17.129930694663557,30,1021,18,17.165664549809183
34.72103414307247,33.802131222867715,69,1014,2,34.4412637239702
15.66609995140784,15.0892038206783,90,1019,16,15.880969985199222
29.295631352844296,29.644921053635326,45,982,22,29.447998793394763
17.10365117119623,16.086917911539235,61,981,1,16.72328381403071
39.074346458090666,38.965286584803984,63,1018,14,39.214824383069306
26.294874928849527,26.55060209777643,68,1023,3,26.041958064773244
34.06013279953177,35.167983759872094,34,983,17,34.260649482087835
18.717931249716816,18.671405729445222,48,1023,16,19.20140341871073
29.404042526192388,29.218907637230117,31,1028,1,29.6115116455555
33.56471136787042,34.61737198311827,26,1001,19,33.98441315650012
28.90027778996624,29.120881326631785,24,991,21,28.697609827731196
31.131505385313993,31.865076935613565,82,987,0,31.21958087557057
32.59627915914553,32.40013646146268,88,1017,8,32.308913587090466
35.89388957732046,36.23793562766031,34,997,15,35.663835775648266
14.704243798817156,15.199001410311139,50,1008,5,14.959294848737038
17.519296693108657,17.82299152346716,23,981,17,17.994128840386747
24.41989464576852,23.399532745677725,76,1000,19,24.01815175225493
28.67930912164294,29.635818791101794,75,987,6,28.919200244221592
37.76328552553915,37.07345696575127,23,1024,5,37.64209825576396
39.47506674295193,39.57680605499257,24,981,6,39.06022481329034
28.14391351185996,27.61819100017042,62,1003,8,28.424877452598754
25.02864711413142,25.56733780985756,23,1007,3,24.685146935040116
35.88997815983628,35.93680058914939,71,1023,13,35.98579085684585
23.669519384143747,23.216559897463203,70,1016,18,23.858152839857805
35.66964994987477,35.9345854578738,69,999,10,36.00771320974976
37.15697103189565,26.70163874082275,21,994,17,27.52052909574258
15.65941196037393,16.022727954847024,29,1007,21,15.82289767205244
25.01086081236325,24.01360288433511,40,993,20,24.882792602074506
29.618361520552266,29.119965029431594,65,1011,3,29.998106844552417
38.007513607413486,39.217123200594784,20,995,4,38.22994231235918
28.28719142035567,28.882708275314858,88,1009,7,28.241459304515043
37.56274932068469,36.733018093844315,31,987,11,37.51905544212371
19.936383028944714,21.14677771331646,75,999,18,20.312624812674528
14.988745249703893,15.031167107648159,37,1028,9,14.62079966191963
33.835227232742305,33.16816651969836,84,1015,19,33.781069246967306
23.603867207648268,23.737149150397514,73,1009,19,23.808773375618884
17.121519332795785,16.539857546857977,80,1023,18,17.401868276533087
39.47089585231866,38.95211036842335,44,1018,21,39.0319204940105
38.479988332612336,38.926593429286996,56,983,18,37.98293350772686
31.494178075214087,32.187346003950445,43,1012,2,31.512269641282202
38.259876197142354,39.48003381937474,50,1030,10,38.58630384895599
37.30203660177903,37.58610321442522,53,1026,14,37.183847095801326
22.83504423240218,23.578327641537825,32,1007,10,23.046894057538548
24.64532369849506,25.303514953466006,75,995,17,24.641985624592593
21.545213072923083,21.718690996552702,40,991,5,21.238394331690724
34.08169514402317,33.698023038893915,29,1022,1,33.876569843526944
36.003601345678796,35.50247104326887,49,1006,23,35.6373368531818
28.75072219687761,27.529320010211073,49,1017,21,28.46833778471804
26.781778574742948,26.636882227062458,67,986,17,27.060533185527373
15.825258166986686,16.189134831548895,89,983,2,16.250504861288952
17.92749399310483,18.348021238728567,27,1011,15,17.777907950336882
12.709480881851352,11.853009274703963,74,995,23,12.460079092415752
22.39299751111875,23.310877489221102,25,1017,20,22.462235663660156
27.227289716746437,26.587701246189724,32,983,15,27.484354099690908
36.54177365091454,36.85422709159027,87,993,16,36.54640605945095
34.88290971888013,34.614052355461794,57,980,11,34.49368092435705
20.455472515664464,20.075799455350946,25,984,0,20.28616936704281
30.458985846481713,29.438392735446563,77,1007,17,29.9592880593171
21.751886407490623,21.22059924059323,51,1021,15,22.02992717680267
36.20133461446349,36.75984554809391,71,998,17,35.949973142921536
32.109083960876916,31.429695012357577,29,1007,10,32.07331937467531
27.63148993847328,27.15594478978902,75,985,23,28.051923569806856
21.105018044544337,21.319931544868684,27,982,22,21.361115696074286
20.373164380719633,19.6424444006716,61,990,8,19.955665122892526
26.384285029972006,25.775674338098373,57,1015,16,25.952868501393723
37.376334291757274,38.40788070882689,22,998,8,37.73485926515583
26.829339671606228,25.825206839150713,43,992,21,26.71913023729386
29.552522601929226,30.087233303202613,71,1000,2,29.942819902665427
36.370231909137246,35.563214053645474,21,1024,12,36.10360067249879
17.39362462714581,16.551771155447348,63,990,2,16.99299235492059
33.62768088012634,34.67534365178422,46,991,10,33.84282487222907
19.100965127657417,17.953467068334106,65,1025,8,18.66392726520276
17.981539119051796,18.0684733168783,56,984,3,18.423705673272778
14.437234681020001,14.061928596127894,74,1023,0,14.498771208523568
38.68444150736447,38.996300571451485,22,1009,15,38.23730853683083
21.680867837111645,21.09696640192274,28,1015,5,21.41118411109342
30.007625559292364,30.315061809615887,48,1008,5,30.108149035328204
21.423306262429126,21.055017677220302,23,1022,18,21.425654170106185
25.22329888942042,25.98123846491903,78,1030,9,25.059150118303435
28.938002439698714,28.527143318615103,36,993,13,29.263152892478143
32.580921900190894,31.926824267317404,27,980,10,32.15243239681386
31.832777540224605,17.542782054522895,56,997,8,18.48685176881544
20.37728154101615,20.13329205785844,22,1020,15,20.784604666671406
19.996914465011727,19.37363373418676,27,1019,17,19.879351787226025
29.03450171005256,30.096295031156668,48,1018,13,29.440628370573222
17.59738810195464,17.763466421943534,56,1016,4,18.072914314475007
27.823385846520623,28.20294540029204,54,995,6,27.654792202063675
19.11045065142806,18.195459530927586,43,1013,12,18.768781282539443
18.188891395243058,17.71618482876357,59,981,2,18.393381983650592
26.3486266387912,25.974810319923876,33,991,14,26.523663377111916
22.132094317568217,22.26805110132911,69,986,2,22.549690841859064
36.7017634906978,36.32389035580813,79,998,1,36.391838903895525
18.49723206116756,18.112799324184092,46,984,2,18.883026349867887
14.991307423243606,14.484856819171817,36,998,6,15.096250902308238
32.2757223036612,33.03288527776897,70,1015,6,32.36549264564887
20.275681823600372,19.278740917135988,26,1019,6,20.153213106505127
29.83506844628455,28.844188282228,84,989,1,29.81756586281961
22.13373132874045,21.34677501525606,41,1012,1,22.323953209767904
19.58554499512182,18.791896380388927,29,983,6,19.342986674609037
31.559888620957004,32.53813322432912,39,1025,11,31.9738863870858
22.336384597651755,21.559365666370066,62,1009,1,22.030579726827888
35.389941443083146,35.64779972145046,66,1016,19,35.7102927748271
25.523266170789636,25.437079192623653,37,1000,19,25.658045203774154
34.96219117024154,35.07161559308108,64,981,0,34.843732308762654
21.530861094147507,21.191324872422676,70,1005,18,21.717550422917313
32.2923762919484,31.73402332970078,37,1024,8,32.22746028793035
28.891868631364016,28.765032890478434,79,1028,9,28.661294745222428
14.296807533657843,14.905857091107572,88,1027,3,14.565146668894853
16.179708724953368,15.747222339711895,48,1022,2,16.484843452829878
31.659935850552348,31.546944455556787,90,1009,6,31.526292458241617
25.203647733780837,24.575356467559267,85,1023,16,25.083071603903786
41.73517299091611,41.909360495647384,55,1000,13,41.80614377486648
24.242278666260056,23.511156257158152,22,1029,16,24.03619356173468
38.02914396002107,38.08806823880743,67,1012,5,37.788518609713606
27.19157150571907,26.41237225301637,88,1021,2,26.74930654204415
29.088669248910065,30.020804570982694,20,985,8,29.507176105737884
19.74384597866097,20.153320178531587,53,1020,3,20.218631604141127
28.3354242594616,27.77951208196116,34,1004,1,28.108919613990096
25.070394853866095,25.620810799510483,63,1002,2,24.977718362260187
28.101538136721267,27.419404272912033,75,1020,22,27.927556079670353
28.972215233998188,28.099501955874693,29,990,0,28.529388468916203
26.81601993416756,26.620131373776893,79,1003,12,26.855537977081596
27.80226654759677,28.742843564491768,38,1007,20,27.76292492079016
38.85801340444591,38.476405655876654,56,987,14,38.93312376495817
19.201000320631977,19.915609014143516,35,998,16,19.258657782692076
35.64676869361402,36.49837504407838,68,1011,10,35.52723071782687
19.45777212915969,18.564011193179955,89,997,22,19.312310722970324
35.92419101606503,37.145441591676246,76,995,23,36.22495484355762
20.41145521096824,20.93105483931516,70,1000,3,20.20099028934692
24.28870672362396,25.0497086006289,29,1014,17,24.065747928498745
20.424372182512656,21.38718811805764,81,1011,6,20.78762716045768
27.20473106283731,26.748498453035424,44,998,15,27.68618867191093
24.220545283608946,23.866721189405062,55,1006,23,23.740583468061367
38.6646521078757,39.16931006642085,34,1025,8,38.423752028961694
24.122358629387602,22.924806914587887,30,1009,14,23.678985808040146
33.31757276811623,34.14447950675567,37,1014,15,33.27878703688241
37.05471059430642,36.70962204665527,33,1014,5,36.77918884102883
20.676798118157205,20.034923220310564,45,1010,0,20.324319440241815
20.725056272969468,20.79085314826207,26,1002,3,21.168595511354503
26.38019732278309,26.361817236318696,48,989,23,25.900012466952955
28.655686573083223,14.816983614742288,55,996,0,14.53588817332589
36.47742995833813,36.64310416190973,88,990,19,36.35067281180449
28.359916846517308,16.156872576829223,61,1019,10,16.131409841781164
34.23289293164545,33.11838976945836,82,1025,6,33.99886981971037
31.73513780892389,17.572931913656465,30,988,18,17.80455767117733
31.235711639459836,30.728176981075716,24,989,13,31.208843555592964
32.764855158440206,33.93895390913643,62,999,1,33.11304256507309
38.680485308325764,37.29793587488794,80,1010,16,38.20268302056458
28.486068219063682,28.423747304036894,24,1026,4,28.580219962312174
22.926367949081712,23.794857460638138,63,999,20,23.402776795584064
27.084438476125072,26.940735506465654,29,1027,9,27.012662626898955
25.53532021029785,25.170661076001917,67,998,9,25.38292475338168
33.263569715927,33.63861176766194,62,1025,2,32.94216844867386
30.71780808409882,30.84844059424793,24,1028,22,30.267033817958602
38.66885682941334,38.318662167323815,33,989,16,38.712262826073115
32.131690389456296,31.513555754734266,47,1001,10,32.095835205816556
35.387380211255845,34.59027888687024,84,1009,9,35.562442776811984
35.064844280971,36.28888033395306,50,982,9,35.36564503411033
21.773375888717375,21.89221537099756,52,1022,6,22.023810845455543
28.975191982640613,29.23168233409174,58,1019,1,29.327934221450494
28.723799159543255,28.51881856539073,73,1002,19,28.403849825690916
18.783668562869234,19.370864866677728,55,1015,14,18.718888589219766
36.720436606849624,36.333344321865425,44,1009,18,36.96405647072765
32.38999736362865,32.459595519332396,77,1027,15,32.435252475329214
15.51137089617533,16.006651353311163,25,992,21,15.531316991150284
23.167149185388553,24.037365791779095,40,984,10,23.182555779230768
22.752348079966733,22.2491864699033,56,1030,9,22.598676333030024
35.87574112955981,35.4823129293738,36,1030,19,36.245275172089734
33.90697792052555,35.16970589716752,35,1012,8,34.38781036407565
28.475732713209602,29.108865200118135,46,1029,6,28.451146922930338
31.565357439310798,31.407788044193932,68,1020,21,31.852229364268723
27.49404688629366,26.985605727786794,37,1020,0,27.692470845312886
24.208948053255394,22.882456336414837,30,1028,21,23.85517799582746
21.463660551441876,20.58065546451307,88,1018,21,21.33268963270687
25.51956003401403,25.12489727203165,61,983,1,25.11278641727384
23.376764137257332,22.67856184806465,25,1006,10,23.26272640772742
28.20535304835125,28.536261798950594,65,1006,21,28.547083514964328
16.729845457996817,17.14058655897974,56,992,6,17.143641646716496
25.828877833833133,26.001647288280775,88,991,15,25.505366035168382
21.587615256088117,21.085252713030435,52,1005,6,21.928992830568912
18.511623391392785,19.092661818113395,71,1011,17,18.40971011955392
33.253132262816436,33.074313931579134,47,1023,21,33.56923923488378
19.613462840580777,19.62389550441221,33,1028,21,19.778629969104276
28.108661737950307,26.848848991905168,72,1000,1,27.84172189814856
23.982183028868583,23.055573152730663,26,1014,16,24.02153355617262
21.11995586827308,20.512964685441037,30,991,22,21.100153914913964
21.98757590167187,22.32928769367286,26,1009,13,22.425043250757582
34.85887790358319,33.95050016795217,65,992,2,34.58221099964959
21.98542286526638,22.511961362774485,38,1005,16,21.784191428752802
34.88088524724187,34.22893332462668,57,1029,18,35.05111884221968
32.955085677482444,33.26301913017869,42,1030,12,33.09762776427513
38.31955231393499,37.683734596023655,75,986,17,38.273867193906824
33.95551545766564,35.07610246207302,80,1002,14,34.32070507183958
39.7830591097525,38.938304089226556,59,996,15,39.809959175270414
18.259020131798678,18.494668956415417,80,997,8,18.074876136804754
19.366256115376704,20.07180429716964,84,999,7,19.33912847276445
33.75063404948957,32.27719593706937,83,1016,22,33.26672532769517
38.61768876515839,39.324860022512226,33,1017,3,38.471188269561225
18.963593686552354,18.558123578498773,51,1005,20,19.141605407717616
29.914525170332485,28.934360364744823,40,996,2,29.61136765533236
35.131386818678436,35.733603396656115,67,1017,23,35.30015364675398
41.313185062666705,42.075463505387496,52,1024,14,41.16873390202871
24.347187134344324,25.433483355556408,84,1002,14,24.439801237728602
38.012139344212144,39.021993963170246,33,1018,4,38.18331999148816
38.93025607693461,39.25404180357878,71,1028,15,39.27177683706403
33.78477095416458,34.80701942128982,31,1003,0,33.961371100587264
41.426564038697755,41.66327912995124,82,998,15,41.28986649209232
22.984875817433288,21.848693689470323,34,1013,20,22.751418254516246
22.36272465952203,21.342886583841143,81,998,8,22.171243754673643
29.954529969306236,28.77989045788222,88,1016,7,29.55591956695414
17.826584108633863,17.960133989385863,75,992,0,17.512641241030995
16.696743905690514,15.334444897841626,62,1008,10,16.286630535235663
28.69448968706728,29.23622550398709,59,1007,0,29.179352795012772
32.78414903951001,32.37456964225678,42,996,0,32.31993695935614
28.643283018735712,27.442712128010754,82,1012,15,28.337350825276957
34.85873484053904,34.71991920603089,55,988,6,35.13258883039856
24.36065150135872,23.790992705295857,44,1018,21,24.54452701425765
28.151094175849384,27.51853695813942,86,987,11,28.09459050798029
27.539593500097972,27.019201479151345,34,1030,19,27.68594546993027
29.190027776561475,29.772244787664935,77,1005,11,29.622095601146572
34.660665913153025,33.320881590231714,72,1003,10,34.20444161740761
32.62164918065334,32.88461516975126,30,1029,10,33.01552621213276
24.58937818630546,23.994063552685162,50,984,6,24.498245365824403
25.142539389054335,24.928550158546244,62,1029,12,24.94106410475909
26.255519152473195,26.536895645714445,44,982,15,26.5075789566967
25.529448906503582,24.915973603898912,36,1025,1,25.47832005925457
27.666134842378206,27.955846827224374,78,1016,11,27.947636916824113
26.82678569446748,26.914170403471235,50,982,18,26.849772467105335
38.95643860434085,40.05255967522839,28,1010,1,39.35735450426348
29.484650403581018,29.83652858656467,47,995,23,29.039958867914855
27.287718079781,27.077662055391976,23,1008,7,27.046939089177936
27.10835977131994,26.554721640010918,90,1030,17,27.09623983611872
13.992323649701053,13.328182611840337,65,983,8,14.163043500640669
28.60740630934182,29.07070916782169,51,984,3,28.234144405205715
38.44980955369532,39.23274234334057,21,1017,7,38.66042981149344
14.598141643183606,14.701854583279792,46,983,3,15.047629500995098
29.679362136514957,29.831185058344122,66,991,22,29.240380576077477
33.485241473519075,33.75051432181347,83,983,3,33.950104466505096
14.5622957956368,14.193418382775663,77,997,5,14.496860667924146
28.910888014694777,27.905196723182783,71,1023,20,28.631402211599955
26.151620821827372,27.073236337216002,26,1016,20,26.36219252752198
24.63631063839983,24.192792171291305,65,1016,10,24.67804970665771
24.367640822627404,24.614115884467335,33,1021,23,24.151292612088252
22.531090456189954,21.487568328002602,76,980,12,22.03609555043905
23.205263139694917,24.100972623384635,37,1014,16,23.599828047740953
19.29374105832045,20.323943617598143,59,1005,13,19.491093051814786
33.07160516242174,33.446027278940356,54,985,20,33.19239763696448
21.173721011802073,21.13226800198399,76,1009,20,21.14402095916992
24.353208031119664,25.33648995336587,67,1023,17,24.837678386435968
21.871360377093367,22.631197976506837,51,990,21,21.787577432132593
30.6483813733796,31.15877554932379,79,1026,0,30.23357154513331
27.220129934791085,25.879896151424802,71,986,1,26.80650558970934
22.880642144162067,24.11907701443414,54,981,2,23.193660132575552
